{
    "classic rock": {
        "duration_ms": 255386.04743083002,
        "key": 5.031620553359681,
        "mode": 0.7549407114624479,
        "time_signature": 3.960474308300379,
        "acousticness": 0.14580940355731226,
        "danceability": 0.5309367588932806,
        "energy": 0.7279604743082995,
        "instrumentalness": 0.03453978565217391,
        "liveness": 0.20306205533596858,
        "loudness": -8.248332015810275,
        "speechiness": 0.05936679841897233,
        "valence": 0.6207786561264818,
        "tempo": 126.02345059288535
    },
    "electronic": {
        "duration_ms": 270203.73214285704,
        "key": 5.174107142857143,
        "mode": 0.4866071428571423,
        "time_signature": 3.9196428571428483,
        "acousticness": 0.1550709285714285,
        "danceability": 0.6924419642857147,
        "energy": 0.7049776785714286,
        "instrumentalness": 0.5677851719642864,
        "liveness": 0.16777723214285709,
        "loudness": -8.557044642857143,
        "speechiness": 0.06579419642857147,
        "valence": 0.34529687500000006,
        "tempo": 121.9544598214285
    },
    "jazz": {
        "duration_ms": 194763.6222222222,
        "key": 5.036111111111115,
        "mode": 0.5111111111111099,
        "time_signature": 3.8861111111110995,
        "acousticness": 0.6518957561666672,
        "danceability": 0.603319444444444,
        "energy": 0.3055437222222223,
        "instrumentalness": 0.6908134683333336,
        "liveness": 0.16242055555555554,
        "loudness": -13.977797222222218,
        "speechiness": 0.08195722222222224,
        "valence": 0.39642972222222195,
        "tempo": 109.74163888888899
    },
    "country": {
        "duration_ms": 207789.43388429753,
        "key": 5.690082644628101,
        "mode": 0.9214876033057825,
        "time_signature": 3.933884297520651,
        "acousticness": 0.26752524793388427,
        "danceability": 0.6092231404958673,
        "energy": 0.6666074380165291,
        "instrumentalness": 0.0010892614462809922,
        "liveness": 0.16550413223140495,
        "loudness": -6.985057851239664,
        "speechiness": 0.036638016528925614,
        "valence": 0.6044033057851241,
        "tempo": 125.92771900826445
    },
    "pop": {
        "duration_ms": 201194.4041666666,
        "key": 5.037500000000004,
        "mode": 0.612499999999999,
        "time_signature": 3.9958333333333247,
        "acousticness": 0.15588456083333335,
        "danceability": 0.6667916666666661,
        "energy": 0.7032416666666669,
        "instrumentalness": 0.004838608708333333,
        "liveness": 0.1704125000000001,
        "loudness": -5.560991666666663,
        "speechiness": 0.08942624999999996,
        "valence": 0.5563620833333328,
        "tempo": 122.80124583333324
    },
    "rap": {
        "duration_ms": 194548.90733590725,
        "key": 5.382239382239394,
        "mode": 0.5057915057915051,
        "time_signature": 3.9768339768339707,
        "acousticness": 0.1552206254826254,
        "danceability": 0.7709845559845561,
        "energy": 0.5897335907335906,
        "instrumentalness": 0.0029386416216216214,
        "liveness": 0.16176679536679534,
        "loudness": -7.083667953667952,
        "speechiness": 0.2112397683397684,
        "valence": 0.44881467181467166,
        "tempo": 126.13421235521233
    },
    "classical": {
        "duration_ms": 272888.64444444445,
        "key": 5.233333333333329,
        "mode": 0.7022222222222244,
        "time_signature": 3.604444444444459,
        "acousticness": 0.943982222222224,
        "danceability": 0.30114888888888885,
        "energy": 0.07819406000000009,
        "instrumentalness": 0.7590908468444446,
        "liveness": 0.1230097777777779,
        "loudness": -25.687811111111124,
        "speechiness": 0.046331555555555584,
        "valence": 0.1993873333333333,
        "tempo": 100.78658000000006
    },
    "folk": {
        "duration_ms": 225848.52278820385,
        "key": 5.091152815013385,
        "mode": 0.7828418230563007,
        "time_signature": 3.884718498659512,
        "acousticness": 0.4516588418230562,
        "danceability": 0.5333002680965143,
        "energy": 0.49628954423592475,
        "instrumentalness": 0.0541746632707775,
        "liveness": 0.16086970509383383,
        "loudness": -9.111099195710459,
        "speechiness": 0.0398289544235925,
        "valence": 0.3838949061662201,
        "tempo": 119.48964343163536
    }
}