{
    "classic rock": {
        "duration_ms": 245505.1322314049,
        "key": 4.983471074380164,
        "mode": 0.7438016528925604,
        "time_signature": 3.958677685950404,
        "acousticness": 0.13267189999999998,
        "danceability": 0.519495867768595,
        "energy": 0.7423471074380165,
        "instrumentalness": 0.029133740826446274,
        "liveness": 0.20233223140495868,
        "loudness": -7.8606363636363605,
        "speechiness": 0.06043471074380167,
        "valence": 0.5993719008264463,
        "tempo": 126.72430578512397
    },
    "electronic": {
        "duration_ms": 240984.37209302327,
        "key": 5.116279069767447,
        "mode": 0.4534883720930235,
        "time_signature": 3.8720930232558186,
        "acousticness": 0.3132003953488374,
        "danceability": 0.6932325581395352,
        "energy": 0.5905232558139533,
        "instrumentalness": 0.8276162790697675,
        "liveness": 0.15770697674418602,
        "loudness": -10.918348837209303,
        "speechiness": 0.07492441860465117,
        "valence": 0.30379186046511636,
        "tempo": 120.83275581395348
    },
    "jazz": {
        "duration_ms": 140653.74500000002,
        "key": 5.484999999999995,
        "mode": 0.4350000000000003,
        "time_signature": 3.950000000000003,
        "acousticness": 0.4584833611000002,
        "danceability": 0.6857450000000004,
        "energy": 0.4118230000000002,
        "instrumentalness": 0.6935758000000001,
        "liveness": 0.17972900000000006,
        "loudness": -10.367889999999994,
        "speechiness": 0.11573799999999998,
        "valence": 0.49453749999999974,
        "tempo": 107.25279500000003
    },
    "country": {
        "duration_ms": 209994.62000000005,
        "key": 5.4799999999999995,
        "mode": 0.9000000000000005,
        "time_signature": 3.800000000000002,
        "acousticness": 0.3498596,
        "danceability": 0.5596999999999999,
        "energy": 0.5865799999999999,
        "instrumentalness": 8.673440000000001e-05,
        "liveness": 0.13959400000000002,
        "loudness": -6.45994,
        "speechiness": 0.03654999999999999,
        "valence": 0.47896,
        "tempo": 121.63852000000001
    },
    "pop": {
        "duration_ms": 189632.4375000001,
        "key": 5.462500000000001,
        "mode": 0.5874999999999999,
        "time_signature": 3.9874999999999945,
        "acousticness": 0.27926825000000005,
        "danceability": 0.7076125,
        "energy": 0.5863875000000002,
        "instrumentalness": 0.001537053625,
        "liveness": 0.16357875000000005,
        "loudness": -6.651962500000001,
        "speechiness": 0.09629375000000001,
        "valence": 0.50772125,
        "tempo": 119.4117125
    },
    "rap": {
        "duration_ms": 186516.02,
        "key": 5.16,
        "mode": 0.5800000000000002,
        "time_signature": 3.920000000000002,
        "acousticness": 0.12028459999999998,
        "danceability": 0.8074799999999999,
        "energy": 0.6136400000000001,
        "instrumentalness": 0.0073029004,
        "liveness": 0.19484400000000002,
        "loudness": -6.530520000000001,
        "speechiness": 0.23642600000000008,
        "valence": 0.46863999999999983,
        "tempo": 132.30546
    },
    "classical": {
        "duration_ms": 381064.7588235294,
        "key": 5.170588235294109,
        "mode": 0.7117647058823515,
        "time_signature": 3.635294117647051,
        "acousticness": 0.9059,
        "danceability": 0.25748176470588247,
        "energy": 0.11936741176470589,
        "instrumentalness": 0.6987874507647058,
        "liveness": 0.1307558823529412,
        "loudness": -22.49825294117647,
        "speechiness": 0.04545294117647059,
        "valence": 0.15311999999999998,
        "tempo": 102.38102941176476
    },
    "folk": {
        "duration_ms": 213194.7927927927,
        "key": 4.585585585585583,
        "mode": 0.846846846846848,
        "time_signature": 3.9549549549549603,
        "acousticness": 0.2817415675675675,
        "danceability": 0.5664144144144148,
        "energy": 0.6590270270270272,
        "instrumentalness": 0.021905566936936936,
        "liveness": 0.16281171171171172,
        "loudness": -7.274918918918922,
        "speechiness": 0.04112792792792794,
        "valence": 0.4186126126126127,
        "tempo": 120.19896396396395
    }
}